seed,timestamp,model_name,dataset_path,learning_rate,weight_decay,batch_size,num_train_epochs,gradient_accumulation_steps,eval_steps,save_steps,best_metric,best_model_checkpoint,global_step,split,eval_loss,precision,recall,f1,epoch,eval_f1,eval_f1_ARTEFACT,eval_f1_BIBL,eval_f1_CONCEPT,eval_f1_ORG,eval_f1_PEOPLE,eval_f1_PERSON,eval_f1_PLACE,eval_precision,eval_precision_ARTEFACT,eval_precision_BIBL,eval_precision_CONCEPT,eval_precision_ORG,eval_precision_PEOPLE,eval_precision_PERSON,eval_precision_PLACE,eval_recall,eval_recall_ARTEFACT,eval_recall_BIBL,eval_recall_CONCEPT,eval_recall_ORG,eval_recall_PEOPLE,eval_recall_PERSON,eval_recall_PLACE,eval_runtime,eval_samples_per_second,eval_steps_per_second
42,2026-02-26T10:37:51.232557,dbmdz/bert-base-german-cased,/content/drive/MyDrive/ner_tei/hf_bert_base_cased,1e-05,0.01,16,8,2,400,400,0.487517147,/content/drive/MyDrive/ner_tei/42/checkpoint-1600,1992,test,0.63784498,,,,8,0.4437033508019692,0.5076708507670852,0.1153846153846153,0.3569482288828337,0.3720930232558139,0.7699115044247786,0.4042553191489361,0.5824175824175823,0.512472487,0.5119549929676512,0.4390243902439024,0.4695340501792114,0.6666666666666666,0.7565217391304347,0.4789915966386555,0.5888888888888889,0.391206945,0.5034578146611342,0.066420664,0.2879120879120879,0.2580645161290322,0.7837837837837838,0.3496932515337423,0.5760869565217391,6.1685,293.265,18.481
42,2026-02-26T10:37:51.232557,dbmdz/bert-base-german-cased,/content/drive/MyDrive/ner_tei/hf_bert_base_cased,1e-05,0.01,16,8,2,400,400,0.487517147,/content/drive/MyDrive/ner_tei/42/checkpoint-1600,1992,validation,0.6926338076591492,,,,8,0.4860710854947166,0.5477419354838711,0.1983471074380165,0.3852813852813853,0.4333333333333333,0.6352941176470589,0.5714285714285714,0.7105263157894737,0.565633983,0.5803144224196856,0.6153846153846154,0.4810810810810811,0.6341463414634146,0.7714285714285715,0.64893617,0.7363636363636363,0.4261308950914341,0.5186316432498472,0.1182266009852216,0.3212996389891697,0.3291139240506329,0.54,0.5104602510460251,0.6864406779661016,4.7747,318.135,19.897
42,2026-02-26T10:52:54.389065,dbmdz/bert-base-german-cased,/content/drive/MyDrive/ner_tei/hf_bert_base_cased,2e-05,0.01,16,8,2,400,400,0.5322223668793126,/content/drive/MyDrive/ner_tei/42/checkpoint-1600,1992,test,0.6218276619911194,,,,8,0.4859123764567045,0.5544024104452628,0.2255639097744361,0.4026294165981923,0.4444444444444444,0.7704918032786884,0.445993031,0.6096256684491979,0.5134039900249376,0.5373134328358209,0.3515625,0.4583723105706268,0.5217391304347826,0.706766917,0.5161290322580645,0.6,0.461215346,0.5726141078838174,0.1660516605166051,0.358974359,0.3870967741935484,0.8468468468468469,0.3926380368098159,0.6195652173913043,6.0014,301.431,18.996
42,2026-02-26T10:52:54.389065,dbmdz/bert-base-german-cased,/content/drive/MyDrive/ner_tei/hf_bert_base_cased,2e-05,0.01,16,8,2,400,400,0.5322223668793126,/content/drive/MyDrive/ner_tei/42/checkpoint-1600,1992,validation,0.6892657279968262,,,,8,0.53203125,0.5828182941903585,0.2789115646258503,0.4510406004776527,0.5413533834586465,0.7052631578947369,0.5754060324825987,0.7354838709677418,0.5797389330306469,0.5897435897435898,0.4505494505494505,0.5208825847123719,0.6666666666666666,0.7444444444444445,0.6458333333333334,0.7467248908296943,0.4915784408084697,0.5760537568723274,0.2019704433497537,0.3977135980746089,0.4556962025316455,0.67,0.5188284518828452,0.7245762711864406,4.7133,322.278,20.156
42,2026-02-26T13:45:46.295153,dbmdz/bert-base-german-cased,/content/drive/MyDrive/ner_tei/hf_bert_base_cased,3e-05,0.01,16,8,2,400,400,0.5456412889973038,/content/drive/MyDrive/ner_tei/42/checkpoint-1600,1992,test,0.6443898677825928,,,,8,0.503415201,0.5749665327978581,0.2803738317757009,0.422738191,0.4210526315789473,0.7800829875518672,0.4583333333333333,0.5931758530183727,0.5232628398791541,0.5570687418936446,0.3821656050955414,0.4660194174757281,0.4615384615384615,0.7230769230769231,0.528,0.5736040609137056,0.4850182021842621,0.5940525587828492,0.2214022140221402,0.3868131868131868,0.3870967741935484,0.8468468468468469,0.4049079754601227,0.6141304347826086,5.8942,306.912,19.341
42,2026-02-26T13:45:46.295153,dbmdz/bert-base-german-cased,/content/drive/MyDrive/ner_tei/hf_bert_base_cased,3e-05,0.01,16,8,2,400,400,0.5456412889973038,/content/drive/MyDrive/ner_tei/42/checkpoint-1600,1992,validation,0.7043734788894653,,,,8,0.5460847240051349,0.5977791486736582,0.3016393442622951,0.4662698412698413,0.5588235294117647,0.7473684210526317,0.5901639344262296,0.7381974248927039,0.585305449,0.6037383177570094,0.4509803921568627,0.5176211453744494,0.6666666666666666,0.7888888888888889,0.6702127659574468,0.7478260869565218,0.5117901828681425,0.5919364691508857,0.2266009852216748,0.4241877256317689,0.4810126582278481,0.71,0.5271966527196653,0.7288135593220338,4.8691,311.966,19.511
43,2026-02-26T14:08:50.367393,dbmdz/bert-base-german-cased,/content/drive/MyDrive/ner_tei/hf_bert_base_cased,1e-05,0.01,16,8,2,400,400,0.4984818481848185,/content/drive/MyDrive/ner_tei/43/checkpoint-1600,1992,test,0.6273161768913269,,,,8,0.4594635550841037,0.5276653171390014,0.124223602,0.3812681309573145,0.35,0.7844827586206897,0.3759398496240601,0.585635359,0.5006605019815059,0.5151515151515151,0.392156863,0.4389312977099237,0.7777777777777778,0.7520661157024794,0.4854368932038835,0.5955056179775281,0.4245309437132455,0.5408022130013831,0.073800738,0.336996337,0.2258064516129032,0.8198198198198198,0.3067484662576687,0.5760869565217391,6.0151,300.741,18.952
43,2026-02-26T14:08:50.367393,dbmdz/bert-base-german-cased,/content/drive/MyDrive/ner_tei/hf_bert_base_cased,1e-05,0.01,16,8,2,400,400,0.4984818481848185,/content/drive/MyDrive/ner_tei/43/checkpoint-1600,1992,validation,0.6629024147987366,,,,8,0.4983502705556289,0.5562167240839336,0.2096774193548387,0.4141380460153384,0.3818181818181818,0.6586826347305389,0.5615763546798029,0.7180616740088106,0.551885414,0.570694087,0.5777777777777777,0.4644727000747943,0.6774193548387096,0.8208955223880597,0.6826347305389222,0.7477064220183486,0.4542829643888354,0.5424557116676848,0.1280788177339901,0.3736462093862815,0.2658227848101265,0.55,0.4769874476987448,0.690677966,4.9451,307.173,19.211
43,2026-02-26T14:39:24.183869,dbmdz/bert-base-german-cased,/content/drive/MyDrive/ner_tei/hf_bert_base_cased,2e-05,0.01,16,8,2,400,400,0.5277251484148036,/content/drive/MyDrive/ner_tei/43/checkpoint-1600,1992,test,0.6308000683784485,,,,8,0.488722885,0.5520974289580515,0.2376237623762375,0.4227272727272727,0.4137931034482758,0.7673469387755102,0.4397163120567376,0.5904255319148937,0.5017699115044247,0.5403973509933775,0.3609022556390977,0.4376470588235294,0.4444444444444444,0.7014925373134329,0.5210084033613446,0.578125,0.4763371604592551,0.5643153526970954,0.1771217712177121,0.4087912087912088,0.3870967741935484,0.8468468468468469,0.3803680981595092,0.6032608695652174,6.087,297.193,18.729
43,2026-02-26T14:39:24.183869,dbmdz/bert-base-german-cased,/content/drive/MyDrive/ner_tei/hf_bert_base_cased,2e-05,0.01,16,8,2,400,400,0.5277251484148036,/content/drive/MyDrive/ner_tei/43/checkpoint-1600,1992,validation,0.6621167063713074,,,,8,0.5283114256825076,0.579179811,0.2457337883959044,0.4583977729662852,0.5147058823529411,0.71657754,0.592074592,0.7155172413793104,0.5564430244941427,0.598825832,0.4,0.4716740929344367,0.6140350877192983,0.7701149425287356,0.6684210526315789,0.7280701754385965,0.5028873917228104,0.5607819181429444,0.1773399014778325,0.4458483754512635,0.4430379746835443,0.67,0.5313807531380753,0.7033898305084746,4.9561,306.491,19.168
43,2026-02-26T14:48:34.946086,dbmdz/bert-base-german-cased,/content/drive/MyDrive/ner_tei/hf_bert_base_cased,3e-05,0.01,16,8,2,400,400,0.5375744519072362,/content/drive/MyDrive/ner_tei/43/checkpoint-1600,1992,test,0.6717366576194763,,,,8,0.4970111016225448,0.5545361875637106,0.2716627634660422,0.4406528189910978,0.4727272727272728,0.7510204081632653,0.456140351,0.5760000000000001,0.5053545586107091,0.5450901803607214,0.3717948717948718,0.4462809917355372,0.5416666666666666,0.6865671641791045,0.5327868852459017,0.5654450261780105,0.4889386726407169,0.5643153526970954,0.2140221402214022,0.4351648351648352,0.4193548387096774,0.8288288288288288,0.3987730061349693,0.5869565217391305,6.0471,299.15,18.852
43,2026-02-26T14:48:34.946086,dbmdz/bert-base-german-cased,/content/drive/MyDrive/ner_tei/hf_bert_base_cased,3e-05,0.01,16,8,2,400,400,0.5375744519072362,/content/drive/MyDrive/ner_tei/43/checkpoint-1600,1992,validation,0.6680243015289307,,,,8,0.5370300037979491,0.5837018319646241,0.2912621359223301,0.4708086169216359,0.5255474452554744,0.7301587301587302,0.5910165484633569,0.711864407,0.5666577611541544,0.604316547,0.4245283018867924,0.4892926670992862,0.6206896551724138,0.7752808988764045,0.6793478260869565,0.711864407,0.5103464870067372,0.5644471594379963,0.2216748768472906,0.4536702767749699,0.4556962025316455,0.69,0.5230125523012552,0.711864407,4.7632,318.9,19.944
42,2026-02-26T20:40:52.246858,dbmdz/bert-base-german-uncased,/content/drive/MyDrive/ner_tei/hf_bert_base_uncased,1e-05,0.01,16,8,2,400,400,0.4817320703653585,/content/drive/MyDrive/ner_tei/42/checkpoint-1600,1984,test,0.6791802644729614,,,,8,0.4364471669218989,0.5000000000000001,0.042553191,0.3699273814609142,0.2285714285714286,0.6995073891625616,0.389261745,0.555858311,0.4799595823509599,0.4807938540332906,0.4,0.4450154162384378,1,0.7634408602150538,0.4202898550724637,0.5543478260869565,0.4001684919966302,0.5208044382801664,0.02247191,0.3165204678362573,0.1290322580645161,0.6454545454545455,0.3625,0.5573770491803278,5.6164,321.025,20.12
42,2026-02-26T20:40:52.246858,dbmdz/bert-base-german-uncased,/content/drive/MyDrive/ner_tei/hf_bert_base_uncased,1e-05,0.01,16,8,2,400,400,0.4817320703653585,/content/drive/MyDrive/ner_tei/42/checkpoint-1600,1984,validation,0.7246914505958557,,,,8,0.4817320703653585,0.5559385772485115,0.046728972,0.399155227,0.159090909,0.5599999999999999,0.5462962962962962,0.64978903,0.5521091811414393,0.572258065,0.4545454545454545,0.4805084745762711,0.875,0.84,0.6243386243386243,0.652542373,0.4272683629380701,0.5405240706886045,0.024630542,0.341360626,0.0875,0.42,0.485596708,0.6470588235294118,4.6698,324.85,20.343
42,2026-03-02T11:15:47.554330,dbmdz/bert-base-german-uncased,/content/drive/MyDrive/ner_tei/hf_bert_base_uncased,2e-05,0.01,16,8,2,400,400,0.5325961167545326,/content/drive/MyDrive/ner_tei/42/checkpoint-1600,1984,test,0.6880733370780945,,,,8,0.4909716251074807,0.5426052889324191,0.1712707182320442,0.4432432432432432,0.4583333333333333,0.7914893617021277,0.4452054794520548,0.5567010309278351,0.5013169446883231,0.512646514,0.3263157894736842,0.469721768,0.6470588235294118,0.744,0.4924242424242424,0.526829268,0.48104465,0.5762829403606102,0.1161048689138576,0.4195906432748538,0.3548387096774194,0.8454545454545455,0.40625,0.5901639344262295,6.1453,293.393,18.388
42,2026-03-02T11:15:47.554330,dbmdz/bert-base-german-uncased,/content/drive/MyDrive/ner_tei/hf_bert_base_uncased,2e-05,0.01,16,8,2,400,400,0.5325961167545326,/content/drive/MyDrive/ner_tei/42/checkpoint-1600,1984,validation,0.6962987184524536,,,,8,0.5334703841706283,0.5942786834820056,0.2037735849056604,0.4518883415435139,0.4285714285714286,0.7222222222222223,0.611111111,0.7066115702479339,0.5739563173901023,0.6,0.4354838709677419,0.4971098265895953,0.5869565217391305,0.8125,0.6984126984126984,0.6951219512195121,0.4983197311569851,0.5886654478976234,0.1330049261083744,0.4142083082480433,0.3375,0.65,0.5432098765432098,0.7184873949579832,4.7355,320.347,20.061
42,2026-03-02T11:34:02.039800,dbmdz/bert-base-german-uncased,/content/drive/MyDrive/ner_tei/hf_bert_base_uncased,3e-05,0.01,16,8,2,400,400,0.5485944787596118,/content/drive/MyDrive/ner_tei/42/checkpoint-1600,1984,test,0.6686637997627258,,,,8,0.5009004017176893,0.5578673602080624,0.2188295165394402,0.4475574712643678,0.4347826086956521,0.7594936708860759,0.4733333333333333,0.5900783289817232,0.4942591580098414,0.5250917992656059,0.3412698412698413,0.4399717514124294,0.6666666666666666,0.7086614173228346,0.5071428571428571,0.565,0.50772255,0.595006935,0.1610486891385767,0.4554093567251462,0.3225806451612903,0.8181818181818182,0.44375,0.6174863387978142,6.0195,299.527,18.772
42,2026-03-02T11:34:02.039800,dbmdz/bert-base-german-uncased,/content/drive/MyDrive/ner_tei/hf_bert_base_uncased,3e-05,0.01,16,8,2,400,400,0.5485944787596118,/content/drive/MyDrive/ner_tei/42/checkpoint-1600,1984,validation,0.6881030201911926,,,,8,0.5477482023464111,0.6029684601113173,0.2635135135135135,0.4744687599111957,0.4962406015037593,0.7195767195767195,0.5995423340961098,0.7298969072164948,0.5772400957192236,0.6120527306967984,0.4193548387096774,0.5013404825737265,0.6226415094339622,0.7640449438202247,0.6752577319587629,0.7165991902834008,0.5211233797407585,0.5941499085923218,0.1921182266009852,0.4503311258278146,0.4125,0.68,0.5390946502057613,0.7436974789915967,4.7344,320.422,20.066
43,2026-03-02T11:53:17.308050,dbmdz/bert-base-german-uncased,/content/drive/MyDrive/ner_tei/hf_bert_base_uncased,1e-05,0.01,16,8,2,400,400,0.4841845816787621,/content/drive/MyDrive/ner_tei/43/checkpoint-1600,1984,test,0.6624618172645569,,,,8,0.4389408099688474,0.5117565698478562,0.041666667,0.3585623678646934,0.2105263157894737,0.7685185185185186,0.3878326996197718,0.5642458100558659,0.4928296607205316,0.5103448275862069,0.2857142857142857,0.4252758274824473,0.5714285714285714,0.7830188679245284,0.4951456310679611,0.5771428571428572,0.3956753720864925,0.5131761442441054,0.02247191,0.3099415204678362,0.1290322580645161,0.7545454545454545,0.31875,0.5519125683060109,6.0368,298.666,18.718
43,2026-03-02T11:53:17.308050,dbmdz/bert-base-german-uncased,/content/drive/MyDrive/ner_tei/hf_bert_base_uncased,1e-05,0.01,16,8,2,400,400,0.4841845816787621,/content/drive/MyDrive/ner_tei/43/checkpoint-1600,1984,validation,0.7109706401824951,,,,8,0.4844413982179574,0.5573135292218275,0.082568807,0.3939712583245706,0.1935483870967742,0.6419753086419753,0.5525672371638142,0.6868250539956803,0.5647171620325983,0.5927197802197802,0.6,0.4714765100671141,0.6923076923076923,0.8387096774193549,0.6807228915662651,0.7066666666666667,0.4241478636581853,0.5258988421694089,0.044334975,0.3383503913305238,0.1125,0.52,0.4650205761316872,0.6680672268907563,4.8622,311.999,19.538
43,2026-03-02T12:03:54.402835,dbmdz/bert-base-german-uncased,/content/drive/MyDrive/ner_tei/hf_bert_base_uncased,2e-05,0.01,16,8,2,400,400,0.5305857957490928,/content/drive/MyDrive/ner_tei/43/checkpoint-1600,1984,test,0.6356234550476074,,,,8,0.4837114601512507,0.5494355114608279,0.1889763779527559,0.4212121212121212,0.3846153846153846,0.7811158798283262,0.4306569343065694,0.579088472,0.501659125,0.5422012153950033,0.3157894736842105,0.4371069182389937,0.4761904761904761,0.7398373983739838,0.5175438596491229,0.5684210526315789,0.467003651,0.5568654646324549,0.1348314606741573,0.4064327485380117,0.3225806451612903,0.8272727272727273,0.36875,0.5901639344262295,6.2962,286.364,17.947
43,2026-03-02T12:03:54.402835,dbmdz/bert-base-german-uncased,/content/drive/MyDrive/ner_tei/hf_bert_base_uncased,2e-05,0.01,16,8,2,400,400,0.5305857957490928,/content/drive/MyDrive/ner_tei/43/checkpoint-1600,1984,validation,0.6861404776573181,,,,8,0.5305383022774328,0.5876716703928457,0.2323943661971831,0.4480414373583684,0.4776119402985075,0.7379679144385026,0.5882352941176471,0.7489539748953975,0.5755193711398091,0.6174496644295302,0.4074074074074074,0.484593838,0.5925925925925926,0.7931034482758621,0.6868131868131868,0.7458333333333333,0.4920787325972156,0.5606337599024985,0.1625615763546798,0.4166164960866947,0.4,0.69,0.514403292,0.7521008403361344,4.7855,317.001,19.852
43,2026-03-02T12:11:09.913190,dbmdz/bert-base-german-uncased,/content/drive/MyDrive/ner_tei/hf_bert_base_uncased,3e-05,0.01,16,8,2,400,400,0.5391639871382636,/content/drive/MyDrive/ner_tei/43/checkpoint-1600,1984,test,0.6300866007804871,,,,8,0.4975651675737611,0.5708390646492434,0.2281553398058252,0.4306326304106548,0.3793103448275862,0.7679324894514767,0.4555160142348755,0.5848563968668408,0.507746273,0.5661664392905866,0.3241379310344827,0.4359550561797752,0.4074074074074074,0.7165354330708661,0.5289256198347108,0.56,0.4877843302443134,0.5755894590846047,0.1760299625468165,0.425438596,0.3548387096774194,0.8272727272727273,0.4,0.6120218579234973,5.8282,309.359,19.389
43,2026-03-02T12:11:09.913190,dbmdz/bert-base-german-uncased,/content/drive/MyDrive/ner_tei/hf_bert_base_uncased,3e-05,0.01,16,8,2,400,400,0.5391639871382636,/content/drive/MyDrive/ner_tei/43/checkpoint-1600,1984,validation,0.6913864016532898,,,,8,0.5391147709727226,0.5956620265458077,0.2466666666666666,0.4617834394904458,0.4962406015037593,0.711340206,0.6041189931350115,0.7473903966597077,0.5809761508596784,0.6353591160220995,0.3814432989690721,0.4901960784313725,0.6226415094339622,0.7340425531914894,0.6804123711340206,0.7427385892116183,0.5028804608737398,0.5606337599024985,0.1822660098522167,0.4364840457555689,0.4125,0.69,0.5432098765432098,0.7521008403361344,4.8231,314.529,19.697
42,2026-02-26T15:01:08.957471,deepset/gbert-base,/content/drive/MyDrive/ner_tei/hf_gbert_base,1e-05,0.01,16,8,2,400,400,0.4856601731601731,/content/drive/MyDrive/ner_tei/42/checkpoint-1600,1992,test,0.6709668636322021,,,,8,0.4372531145548465,0.5118136439267886,0.079470199,0.3448275862068965,0.1951219512195122,0.7478260869565216,0.4275862068965517,0.5714285714285715,0.4779143141813351,0.4932649134060295,0.3870967741935484,0.4047384007897334,0.4,0.7226890756302521,0.4881889763779528,0.631578947,0.4029683562027443,0.5318118948824343,0.044280443,0.3003663003663003,0.1290322580645161,0.7747747747747747,0.3803680981595092,0.5217391304347826,5.686,318.15,20.049
42,2026-02-26T15:01:08.957471,deepset/gbert-base,/content/drive/MyDrive/ner_tei/hf_gbert_base,1e-05,0.01,16,8,2,400,400,0.4856601731601731,/content/drive/MyDrive/ner_tei/42/checkpoint-1600,1992,validation,0.7175308465957642,,,,8,0.4863476615301433,0.5620873939012888,0.098214286,0.3941299790356394,0.2417582417582417,0.6936416184971099,0.5217391304347826,0.6666666666666666,0.5549043800123381,0.5790155440414507,0.5238095238095238,0.47,0.9166666666666666,0.821917808,0.6171428571428571,0.695852535,0.4328681424446583,0.5461209529627367,0.054187192,0.3393501805054151,0.1392405063291139,0.6,0.4518828451882845,0.6398305084745762,4.7164,322.07,20.143
42,2026-02-26T15:12:06.392309,deepset/gbert-base,/content/drive/MyDrive/ner_tei/hf_gbert_base,2e-05,0.01,16,8,2,400,400,0.5169513797634692,/content/drive/MyDrive/ner_tei/42/checkpoint-1600,1992,test,0.6649791598320007,,,,8,0.4708500222518914,0.5338809034907598,0.2383419689119171,0.3936,0.4137931034482758,0.7606837606837608,0.4482758620689655,0.586894587,0.5006309148264985,0.5284552845528455,0.4,0.4334801762114537,0.4444444444444444,0.7235772357723578,0.5118110236220472,0.6167664670658682,0.4444133295995519,0.5394190871369294,0.1697416974169741,0.3604395604395604,0.3870967741935484,0.8018018018018018,0.3987730061349693,0.5597826086956522,6.3254,285.991,18.023
42,2026-02-26T15:12:06.392309,deepset/gbert-base,/content/drive/MyDrive/ner_tei/hf_gbert_base,2e-05,0.01,16,8,2,400,400,0.5169513797634692,/content/drive/MyDrive/ner_tei/42/checkpoint-1600,1992,validation,0.711548388,,,,8,0.5170693277310924,0.582908163,0.302405498,0.420033389,0.5112781954887219,0.7374301675977653,0.5767441860465117,0.6991150442477877,0.5690751445086705,0.609739827,0.5,0.4718679669917479,0.6296296296296297,0.8354430379746836,0.6492146596858639,0.7314814814814815,0.4737728585178056,0.5583384239462431,0.2167487684729064,0.378459687,0.430379747,0.66,0.5188284518828452,0.6694915254237288,4.8625,312.39,19.537
42,2026-02-26T15:26:31.826051,deepset/gbert-base,/content/drive/MyDrive/ner_tei/hf_gbert_base,3e-05,0.01,16,8,2,400,400,0.5237717908082408,/content/drive/MyDrive/ner_tei/42/checkpoint-1200,1992,test,0.6661579012870789,,,,8,0.4792543595911004,0.5355113636363636,0.2939759036144578,0.4072289156626506,0.4285714285714285,0.7521367521367521,0.4657534246575342,0.5959885386819485,0.5173644920480364,0.5503649635036496,0.4236111111111111,0.4506666666666666,0.48,0.7154471544715447,0.5271317829457365,0.6303030303030303,0.4463735648277793,0.5214384508990318,0.2250922509225092,0.3714285714285714,0.3870967741935484,0.7927927927927928,0.4171779141104294,0.5652173913043478,5.9088,306.151,19.293
42,2026-02-26T15:26:31.826051,deepset/gbert-base,/content/drive/MyDrive/ner_tei/hf_gbert_base,3e-05,0.01,16,8,2,400,400,0.5237717908082408,/content/drive/MyDrive/ner_tei/42/checkpoint-1200,1992,validation,0.7195955514907837,,,,8,0.5245512143611404,0.5809399477806789,0.3344262295081967,0.4374999999999999,0.5223880597014925,0.7362637362637363,0.5931034482758621,0.7008928571428571,0.5809941520467836,0.6236860546601262,0.5,0.4888558692421991,0.6363636363636364,0.8170731707317073,0.6581632653061225,0.7405660377358491,0.4781039461020211,0.5436774587660355,0.2512315270935961,0.3959085439229843,0.4430379746835443,0.67,0.5397489539748954,0.6652542372881356,4.7923,316.967,19.823
43,2026-02-26T15:37:03.441751,deepset/gbert-base,/content/drive/MyDrive/ner_tei/hf_gbert_base,1e-05,0.01,16,8,2,400,400,0.5047619047619047,/content/drive/MyDrive/ner_tei/43/checkpoint-1600,1992,test,0.6131545305252075,,,,8,0.4480716452405027,0.5184472248957331,0.1042345276872964,0.3644752018454441,0.3,0.7627118644067797,0.3971119133574007,0.5913043478260869,0.462708831,0.4835427887492519,0.4444444444444444,0.3834951456310679,0.6666666666666666,0.72,0.4824561403508772,0.6335403726708074,0.4343321198543825,0.5587828492392808,0.05904059,0.3472527472527472,0.1935483870967742,0.8108108108108109,0.3374233128834356,0.5543478260869565,6.0826,297.407,18.742
43,2026-02-26T15:37:03.441751,deepset/gbert-base,/content/drive/MyDrive/ner_tei/hf_gbert_base,1e-05,0.01,16,8,2,400,400,0.5047619047619047,/content/drive/MyDrive/ner_tei/43/checkpoint-1600,1992,validation,0.6722208261489868,,,,8,0.5041822159310256,0.5850837138508372,0.1298701298701298,0.4150462225055786,0.3137254901960784,0.7045454545454546,0.5124378109452736,0.6894977168949771,0.541908714,0.5831310679611651,0.5357142857142857,0.4413559322033898,0.6956521739130435,0.8157894736842105,0.6319018404907976,0.7475247524752475,0.4713666987487969,0.5870494807574832,0.073891626,0.3916967509025271,0.2025316455696202,0.62,0.4309623430962343,0.6398305084745762,4.944,307.244,19.215
43,2026-02-26T15:44:57.672387,deepset/gbert-base,/content/drive/MyDrive/ner_tei/hf_gbert_base,2e-05,0.01,16,8,2,400,400,0.5296052631578947,/content/drive/MyDrive/ner_tei/43/checkpoint-1600,1992,test,0.5947195291519165,,,,8,0.4862319874447139,0.5449664429530201,0.2821782178217822,0.4138702460850111,0.2857142857142857,0.7679324894514767,0.4668989547038327,0.6280991735537189,0.4956369982547993,0.529335072,0.4285714285714285,0.4214123006833713,0.32,0.7222222222222222,0.5403225806451613,0.6368715083798883,0.4771772612713525,0.5615491009681881,0.2103321033210332,0.4065934065934066,0.2580645161290322,0.8198198198198198,0.4110429447852761,0.6195652173913043,5.912,305.99,19.283
43,2026-02-26T15:44:57.672387,deepset/gbert-base,/content/drive/MyDrive/ner_tei/hf_gbert_base,2e-05,0.01,16,8,2,400,400,0.5296052631578947,/content/drive/MyDrive/ner_tei/43/checkpoint-1600,1992,validation,0.6872565150260925,,,,8,0.5294490183660545,0.6080150281778335,0.2828947368421052,0.4321796071094481,0.5797101449275363,0.7111111111111111,0.5734939759036144,0.7002188183807438,0.5589729874297941,0.6236351958895312,0.4257425742574257,0.4485436893203883,0.6779661016949152,0.8,0.6761363636363636,0.7239819004524887,0.5028873917228104,0.5931582162492364,0.2118226600985221,0.4169675090252707,0.5063291139240507,0.64,0.49790795,0.6779661016949152,5.0996,297.864,18.629
43,2026-02-26T17:11:32.953489,deepset/gbert-base,/content/drive/MyDrive/ner_tei/hf_gbert_base,3e-05,0.01,16,8,2,400,400,0.5337802991232594,/content/drive/MyDrive/ner_tei/43/checkpoint-1600,1992,test,0.6163932681083679,,,,8,0.4934654602901048,0.5481886534518114,0.3198198198198199,0.421092564,0.40625,0.7457627118644067,0.4913494809688581,0.6413043478260869,0.5064858490566038,0.5418918918918919,0.4104046242774566,0.4366640440597954,0.3939393939393939,0.704,0.5634920634920635,0.6413043478260869,0.4810977317278073,0.5546334716459198,0.2619926199261992,0.4065934065934066,0.4193548387096774,0.7927927927927928,0.4355828220858895,0.6413043478260869,6.3691,284.026,17.899
43,2026-02-26T17:11:32.953489,deepset/gbert-base,/content/drive/MyDrive/ner_tei/hf_gbert_base,3e-05,0.01,16,8,2,400,400,0.5337802991232594,/content/drive/MyDrive/ner_tei/43/checkpoint-1600,1992,validation,0.689016581,,,,8,0.5336941115835588,0.6033876637903484,0.3012820512820512,0.438382542,0.5547445255474452,0.7292817679558011,0.5857142857142856,0.7296137339055793,0.5744798890429959,0.6327077747989276,0.4311926605504587,0.4697386519944979,0.6551724137931034,0.8148148148148148,0.6795580110497238,0.7391304347826086,0.4983156881616939,0.5766646304215027,0.2315270935960591,0.4109506618531889,0.4810126582278481,0.66,0.5146443514644351,0.7203389830508474,5.0168,302.784,18.936
42,2026-02-26T17:32:14.778678,xlm-roberta-base,/content/drive/MyDrive/ner_tei/hf_roberta_base,1e-05,0.01,16,8,2,400,400,0.4879115226337449,/content/drive/MyDrive/ner_tei/42/checkpoint-2000,2000,test,0.6298176646232605,,,,8,0.4497247174731961,0.5238393977415308,0,0.3701375245579568,0,0.6963562753036436,0.4545454545454545,0.5604719764011801,0.4677516576250753,0.4826589595375722,0,0.401877133,0,0.6323529411764706,0.52,0.6129032258064516,0.4330357142857143,0.5727023319615913,0,0.3430444282592862,0,0.7747747747747747,0.4037267080745341,0.5163043478260869,6.236,291.212,18.281
42,2026-02-26T17:32:14.778678,xlm-roberta-base,/content/drive/MyDrive/ner_tei/hf_roberta_base,1e-05,0.01,16,8,2,400,400,0.4879115226337449,/content/drive/MyDrive/ner_tei/42/checkpoint-2000,2000,validation,0.7010053396224976,,,,8,0.4879115226337449,0.5686274509803921,0,0.4003990688393748,0,0.6630434782608696,0.4813895781637717,0.691075515,0.5266518600777346,0.5414607358594179,0,0.4519519519519519,0,0.7176470588235294,0.5914634146341463,0.755,0.4544801149976042,0.5986642380085003,0,0.3594029850746268,0,0.6161616161616161,0.405857741,0.6371308016877637,5.5339,274.669,17.167
42,2026-02-26T17:53:04.480278,xlm-roberta-base,/content/drive/MyDrive/ner_tei/hf_roberta_base,2e-05,0.01,16,8,2,400,400,0.5239090350338045,/content/drive/MyDrive/ner_tei/42/checkpoint-2000,2000,test,0.6233727335929871,,,,8,0.4840535689631368,0.5535314797059764,0.2982885085574572,0.4019033674963397,0.3018867924528302,0.6967213114754098,0.4605263157894737,0.6129032258064515,0.4790926482645531,0.5182525433871933,0.4265734265734265,0.4039735099337748,0.3636363636363636,0.6390977443609023,0.4895104895104895,0.6063829787234043,0.4891183035714285,0.5939643347050755,0.2293233082706766,0.3998543335761107,0.2580645161290322,0.7657657657657657,0.4347826086956521,0.6195652173913043,6.4893,279.845,17.567
42,2026-02-26T17:53:04.480278,xlm-roberta-base,/content/drive/MyDrive/ner_tei/hf_roberta_base,2e-05,0.01,16,8,2,400,400,0.5239090350338045,/content/drive/MyDrive/ner_tei/42/checkpoint-2000,2000,validation,0.6815342903137207,,,,8,0.5239090350338045,0.5932597327135386,0.3020134228187919,0.42700844,0.4838709677419354,0.6989247311827956,0.5613207547169811,0.7272727272727272,0.5379954556930068,0.5688022284122562,0.4591836734693877,0.4481627296587926,0.6382978723404256,0.7471264367816092,0.6432432432432432,0.7466666666666667,0.5105414470531864,0.6199149969641773,0.225,0.4077611940298507,0.3896103896103896,0.6565656565656566,0.49790795,0.7088607594936709,5.6332,269.827,16.864
42,2026-02-26T18:20:12.206583,xlm-roberta-base,/content/drive/MyDrive/ner_tei/hf_roberta_base,3e-05,0.01,16,8,2,400,400,0.5370370370370371,/content/drive/MyDrive/ner_tei/42/checkpoint-2000,2000,test,0.6201906204223633,,,,8,0.4976971010566242,0.5597423510466989,0.3566591422121896,0.4226044226044226,0.3728813559322034,0.7016129032258064,0.4983818770226537,0.6070460704607047,0.4836756187467088,0.5276259866423801,0.4463276836158192,0.4078590785907859,0.3928571428571428,0.635036496,0.5202702702702703,0.6054054054054054,0.5125558035714286,0.5960219478737997,0.2969924812030075,0.4384559359067735,0.3548387096774194,0.7837837837837838,0.4782608695652174,0.6086956521739131,6.4379,282.08,17.708
42,2026-02-26T18:20:12.206583,xlm-roberta-base,/content/drive/MyDrive/ner_tei/hf_roberta_base,3e-05,0.01,16,8,2,400,400,0.5370370370370371,/content/drive/MyDrive/ner_tei/42/checkpoint-2000,2000,validation,0.6693552732467651,,,,8,0.5370370370370371,0.6103781882145999,0.3248407643312102,0.4396076026977314,0.5581395348837209,0.6737967914438503,0.5804988662131518,0.7241379310344828,0.5463559742191373,0.5901360544217688,0.4473684210526316,0.4517958412098298,0.6923076923076923,0.7159090909090909,0.6336633663366337,0.7400881057268722,0.5280306660277911,0.6320582877959927,0.255,0.4280597014925373,0.4675324675324675,0.6363636363636364,0.5355648535564853,0.7088607594936709,5.6234,270.301,16.894
43,2026-02-26T19:00:16.374982,xlm-roberta-base,/content/drive/MyDrive/ner_tei/hf_roberta_base,1e-05,0.01,16,8,2,400,400,0.4929282346778418,/content/drive/MyDrive/ner_tei/43/checkpoint-1600,2000,test,0.6109094619750977,,,,8,0.4385470719051149,0.5115672857608341,0.014814815,0.3556804496186271,0,0.7107438016528925,0.4137931034482758,0.5852272727272727,0.4678899082568807,0.4872749844816884,0.5,0.3962432915921288,0,0.6564885496183206,0.4651162790697674,0.6130952380952381,0.4126674107142857,0.5384087791495199,0.007518797,0.3226511289147851,0,0.7747747747747747,0.3726708074534161,0.5597826086956522,6.144,295.573,18.555
43,2026-02-26T19:00:16.374982,xlm-roberta-base,/content/drive/MyDrive/ner_tei/hf_roberta_base,1e-05,0.01,16,8,2,400,400,0.4929282346778418,/content/drive/MyDrive/ner_tei/43/checkpoint-1600,2000,validation,0.6498225331306458,,,,8,0.490432503,0.563489692,0.019704433,0.4137698278771515,0,0.6628571428571428,0.4691943127962085,0.7042889390519187,0.5413773148148148,0.5547058823529412,0.6666666666666666,0.4759316770186335,0,0.7631578947368421,0.5409836065573771,0.7572815533980582,0.4482510781025395,0.5725561627200971,0.01,0.3659701492537313,0,0.5858585858585859,0.4142259414225941,0.6582278481012658,5.4264,280.111,17.507
43,2026-02-26T19:19:00.639507,xlm-roberta-base,/content/drive/MyDrive/ner_tei/hf_roberta_base,2e-05,0.01,16,8,2,400,400,0.5300607412916821,/content/drive/MyDrive/ner_tei/43/checkpoint-2000,2000,test,0.6023090481758118,,,,8,0.4757842597688497,0.5354735152487962,0.3165137614678899,0.3954428518926865,0.339622642,0.7131147540983607,0.4903225806451613,0.596401028,0.4693268186753528,0.5033192516596259,0.4058823529411764,0.3991097922848665,0.4090909090909091,0.6541353383458647,0.5100671140939598,0.5658536585365853,0.482421875,0.5720164609053497,0.2593984962406015,0.3918426802621995,0.2903225806451613,0.7837837837837838,0.4720496894409938,0.6304347826086957,6.3764,284.802,17.879
43,2026-02-26T19:19:00.639507,xlm-roberta-base,/content/drive/MyDrive/ner_tei/hf_roberta_base,2e-05,0.01,16,8,2,400,400,0.5300607412916821,/content/drive/MyDrive/ner_tei/43/checkpoint-2000,2000,validation,0.6291554570198059,,,,8,0.5300607412916821,0.606292267,0.2885245901639344,0.432741117,0.5040650406504066,0.6595744680851064,0.5514018691588786,0.723404255,0.5491908553814538,0.5877993158494869,0.419047619,0.4617467840216655,0.6739130434782609,0.6966292134831461,0.6243386243386243,0.7296137339055794,0.5122184954480115,0.6259866423800851,0.22,0.4071641791044776,0.4025974025974026,0.6262626262626263,0.4937238493723849,0.7172995780590717,5.2723,288.299,18.019
43,2026-02-26T20:14:01.465303,xlm-roberta-base,/content/drive/MyDrive/ner_tei/hf_roberta_base,3e-05,0.01,16,8,2,400,400,0.5352112676056339,/content/drive/MyDrive/ner_tei/43/checkpoint-2000,2000,test,0.6131661534309387,,,,8,0.495856541,0.5524967989756722,0.3303571428571428,0.4242641780330222,0.3934426229508196,0.7235772357723578,0.5,0.6134020618556701,0.4831877151178184,0.5180072028811524,0.4065934065934066,0.4182590233545648,0.4,0.6592592592592592,0.5238095238095238,0.5833333333333334,0.5092075892857143,0.5919067215363512,0.2781954887218045,0.4304442825928623,0.3870967741935484,0.8018018018018018,0.4782608695652174,0.6467391304347826,5.9345,306.007,19.21
43,2026-02-26T20:14:01.465303,xlm-roberta-base,/content/drive/MyDrive/ner_tei/hf_roberta_base,3e-05,0.01,16,8,2,400,400,0.5352112676056339,/content/drive/MyDrive/ner_tei/43/checkpoint-2000,2000,validation,0.6314358115196228,,,,8,0.5352112676056339,0.6105826397146255,0.3121019108280255,0.4345925694661254,0.5312499999999999,0.6974358974358974,0.5754716981132075,0.7296137339055794,0.5525510204081633,0.598136284,0.4298245614035088,0.4554973821989528,0.6666666666666666,0.7083333333333334,0.6594594594594595,0.742358079,0.518926689,0.6235579842137219,0.245,0.4155223880597015,0.4415584415584415,0.6868686868686869,0.5104602510460251,0.7172995780590717,5.5452,274.113,17.132
42,2026-02-24T18:35:40.256297,xlm-roberta-large,/content/data/hf_roberta_large,1e-05,0.01,16,8,2,400,400,0.5197034724931721,/content/drive/MyDrive/ner_tei/42/checkpoint-1200,2000,test,0.6257436871528625,,,,8,0.469272076,0.5368108286563221,0.2595419847328244,0.368061486,0.3728813559322034,0.7435897435897435,0.4846416382252559,0.615819209,0.5041666666666667,0.5175047740292807,0.4015748031496063,0.4447884416924664,0.3928571428571428,0.7073170731707317,0.5378787878787878,0.6411764705882353,0.4388950892857143,0.5576131687242798,0.1917293233082706,0.3139111434814275,0.3548387096774194,0.7837837837837838,0.4409937888198758,0.592391304,9.6757,187.687,11.782
42,2026-02-24T18:53:23.137795,xlm-roberta-large,/content/data/hf_roberta_large,1e-05,0.01,16,8,2,400,400,0.5143007084754658,/content/drive/MyDrive/ner_tei/42/checkpoint-2000,2000,test,0.5901229977607727,,,,8,0.4737473747374737,0.5390359809911744,0.282878412,0.377326565,0.3859649122807018,0.7489361702127659,0.4966442953020134,0.6005509641873278,0.5123296560674886,0.5336021505376344,0.4160583941605839,0.450050454,0.4230769230769231,0.7096774193548387,0.5401459854014599,0.6089385474860335,0.4405691964285714,0.5445816186556928,0.2142857142857142,0.3248361252731245,0.3548387096774194,0.7927927927927928,0.4596273291925465,0.592391304,9.3495,194.234,12.193
42,2026-02-24T18:35:40.256297,xlm-roberta-large,/content/data/hf_roberta_large,1e-05,0.01,16,8,2,400,400,0.5197034724931721,/content/drive/MyDrive/ner_tei/42/checkpoint-1200,2000,validation,0.6558700799942017,,,,8,0.5194332510074092,0.5844748858447489,0.2638888888888889,0.4197952218430034,0.5611510791366906,0.6775956284153005,0.5899280575539568,0.713968958,0.5677749360613811,0.5860805860805861,0.4318181818181818,0.4900398406374502,0.6290322580645161,0.7380952380952381,0.6910112359550562,0.7523364485981309,0.4786775275515093,0.5828779599271403,0.19,0.3671641791044776,0.5064935064935064,0.6262626262626263,0.5146443514644351,0.679324895,8.3202,182.687,11.418
42,2026-02-24T18:53:23.137795,xlm-roberta-large,/content/data/hf_roberta_large,1e-05,0.01,16,8,2,400,400,0.5143007084754658,/content/drive/MyDrive/ner_tei/42/checkpoint-2000,2000,validation,0.6433148980140686,,,,8,0.5143007084754658,0.5706267539756783,0.2508710801393728,0.4212678936605317,0.5481481481481482,0.6813186813186813,0.6285714285714287,0.7002188183807441,0.568445476,0.5865384615384616,0.4137931034482758,0.4908657664813344,0.6379310344827587,0.7469879518072289,0.7292817679558011,0.7272727272727273,0.4695735505510301,0.5555555555555556,0.18,0.368955224,0.4805194805194805,0.6262626262626263,0.5523012552301255,0.6751054852320675,8.0604,188.576,11.786
42,2026-02-24T19:12:39.247371,xlm-roberta-large,/content/data/hf_roberta_large,2e-05,0.01,16,8,2,400,400,0.5426712590891696,/content/drive/MyDrive/ner_tei/42/checkpoint-2000,2000,test,0.6346688270568848,,,,8,0.5012349266308296,0.564137462,0.3348837209302325,0.4180392156862745,0.4137931034482758,0.7606837606837608,0.5342019543973942,0.5917808219178081,0.5228857229463474,0.5597569209993247,0.4390243902439024,0.4528462192013593,0.4444444444444444,0.7235772357723578,0.5616438356164384,0.5966850828729282,0.4813058035714285,0.5685871056241426,0.2706766917293233,0.3882010196649672,0.3870967741935484,0.8018018018018018,0.5093167701863354,0.5869565217391305,9.1692,198.055,12.433
42,2026-02-24T19:12:39.247371,xlm-roberta-large,/content/data/hf_roberta_large,2e-05,0.01,16,8,2,400,400,0.5426712590891696,/content/drive/MyDrive/ner_tei/42/checkpoint-2000,2000,validation,0.6782196164131165,,,,8,0.5426712590891696,0.5966885348328648,0.3612040133779264,0.4445880452342488,0.5479452054794519,0.721311475,0.6787330316742081,0.7357293868921776,0.5803547066848568,0.6145431145431145,0.5454545454545454,0.4845070422535211,0.5797101449275363,0.7857142857142857,0.7389162561576355,0.7372881355932204,0.5095831336847149,0.5798421372191864,0.27,0.4107462686567164,0.5194805194805194,0.6666666666666666,0.6276150627615062,0.7341772151898734,8.2208,184.897,11.556
42,2026-02-26T08:58:11.364598,xlm-roberta-large,/content/data/hf_roberta_large,3e-05,0.01,16,8,2,400,400,0.5542440984429934,/content/drive/MyDrive/ner_tei/42/checkpoint-2000,2000,test,0.6529309749603271,,,,8,0.5261348990405269,0.5831357941076871,0.36,0.453781513,0.4210526315789473,0.7510548523206751,0.5723472668810291,0.6218487394957983,0.540453074,0.5759197324414715,0.4402173913043478,0.4771084337349398,0.4615384615384615,0.7063492063492064,0.5933333333333334,0.6416184971098265,0.5125558035714286,0.5905349794238683,0.3045112781954887,0.4326292789512017,0.3870967741935484,0.8018018018018018,0.5527950310559007,0.6032608695652174,9.0181,201.372,12.641
42,2026-02-26T08:58:11.364598,xlm-roberta-large,/content/data/hf_roberta_large,3e-05,0.01,16,8,2,400,400,0.5542440984429934,/content/drive/MyDrive/ner_tei/42/checkpoint-2000,2000,validation,0.6885398626327515,,,,8,0.5542440984429934,0.6043478260869566,0.3766233766233766,0.4612476370510397,0.5931034482758619,0.7282608695652174,0.6960352422907489,0.7348643006263048,0.5823218997361478,0.6185632549268912,0.5370370370370371,0.4883255503669113,0.6323529411764706,0.788235294,0.7348837209302326,0.7272727272727273,0.5287494010541447,0.5907710989678203,0.29,0.4370149253731343,0.5584415584415584,0.6767676767676768,0.6610878661087866,0.7426160337552743,8.0995,187.667,11.729
43,2026-02-26T09:17:06.231289,xlm-roberta-large,/content/data/hf_roberta_large,1e-05,0.01,16,8,2,400,400,0.5237102657634185,/content/drive/MyDrive/ner_tei/43/checkpoint-2000,2000,test,0.603405774,,,,8,0.4747278962278217,0.5370121130551817,0.3089005235602094,0.3804755944931164,0.3928571428571428,0.7385892116182573,0.4745762711864407,0.5989010989010989,0.5097662504002561,0.5270805812417437,0.5086206896551724,0.4453125,0.44,0.6846153846153846,0.5223880597014925,0.6055555555555555,0.4441964285714285,0.5473251028806584,0.2218045112781954,0.3321194464675892,0.3548387096774194,0.8018018018018018,0.4347826086956521,0.592391304,9.1351,198.794,12.479
43,2026-02-26T09:17:06.231289,xlm-roberta-large,/content/data/hf_roberta_large,1e-05,0.01,16,8,2,400,400,0.5237102657634185,/content/drive/MyDrive/ner_tei/43/checkpoint-2000,2000,validation,0.6270904541015625,,,,8,0.5237102657634185,0.5872129112352577,0.3043478260869565,0.4181019925700776,0.5774647887323944,0.6989247311827956,0.6335697399527186,0.6995708154506438,0.5739577384351799,0.6006349206349206,0.5526315789473685,0.4813374805598756,0.6307692307692307,0.7471264367816092,0.7282608695652174,0.7117903930131004,0.4815524676569238,0.5743776563448695,0.21,0.3695522388059701,0.5324675324675324,0.6565656565656566,0.5606694560669456,0.6877637130801688,8.3061,182.997,11.437
43,2026-02-26T09:34:45.285242,xlm-roberta-large,/content/data/hf_roberta_large,2e-05,0.01,16,8,2,400,400,0.549044425,/content/drive/MyDrive/ner_tei/43/checkpoint-2000,2000,test,0.6093593835830688,,,,8,0.5094555873925501,0.5746894931184962,0.3523809523809523,0.4225893200153668,0.4444444444444444,0.7242798353909464,0.5405405405405405,0.6170212765957447,0.5235571260306242,0.5627876397107167,0.4805194805194805,0.4471544715447154,0.4375,0.6666666666666666,0.5925925925925926,0.6041666666666666,0.49609375,0.5871056241426612,0.2781954887218045,0.4005826656955571,0.4516129032258064,0.7927927927927928,0.4968944099378882,0.6304347826086957,9.0897,199.786,12.542
43,2026-02-26T09:34:45.285242,xlm-roberta-large,/content/data/hf_roberta_large,2e-05,0.01,16,8,2,400,400,0.549044425,/content/drive/MyDrive/ner_tei/43/checkpoint-2000,2000,validation,0.6578680872917175,,,,8,0.549044425,0.6018691588785046,0.3790849673202614,0.4519015659955257,0.5866666666666667,0.7472527472527473,0.67268623,0.7359667359667359,0.581969412,0.6180422264875239,0.5471698113207547,0.4862448418156809,0.6027397260273972,0.8192771084337349,0.7303921568627451,0.7254098360655737,0.5196454240536655,0.5865209471766849,0.29,0.4220895522388059,0.5714285714285714,0.6868686868686869,0.6234309623430963,0.7468354430379747,7.8065,194.71,12.169
43,2026-02-26T09:52:56.182418,xlm-roberta-large,/content/data/hf_roberta_large,3e-05,0.01,16,8,2,400,400,0.5524695236898327,/content/drive/MyDrive/ner_tei/43/checkpoint-2000,2000,test,0.6179900765419006,,,,8,0.515760947,0.5806020066889631,0.375,0.4333205961024073,0.3859649122807018,0.7172995780590717,0.5667752442996742,0.5876010781671158,0.527575139,0.566579634,0.4879518072289157,0.4557877813504823,0.4230769230769231,0.6746031746031746,0.5958904109589042,0.5828877005347594,0.5044642857142857,0.5953360768175583,0.3045112781954887,0.4129643117261471,0.3548387096774194,0.7657657657657657,0.5403726708074534,0.592391304,9.1969,197.459,12.396
43,2026-02-26T09:52:56.182418,xlm-roberta-large,/content/data/hf_roberta_large,3e-05,0.01,16,8,2,400,400,0.5524695236898327,/content/drive/MyDrive/ner_tei/43/checkpoint-2000,2000,validation,0.6634013652801514,,,,8,0.5524695236898327,0.5993788819875776,0.375796178,0.4663931839697065,0.5833333333333334,0.7419354838709677,0.6696428571428571,0.7310924369747899,0.5810203542162306,0.6134774316592498,0.5175438596491229,0.4946452476572958,0.6268656716417911,0.7931034482758621,0.7177033492822966,0.7280334728033473,0.5265931959750838,0.5859137826350941,0.295,0.4411940298507463,0.5454545454545454,0.696969697,0.6276150627615062,0.7341772151898734,7.8233,194.29,12.143
